-- phpMyAdmin SQL Dump
-- version 4.8.3
-- https://www.phpmyadmin.net/
--
-- Host: 127.0.0.1
-- Generation Time: Jun 21, 2020 at 11:34 AM
-- Server version: 10.1.36-MariaDB
-- PHP Version: 7.2.10

SET SQL_MODE = "NO_AUTO_VALUE_ON_ZERO";
SET AUTOCOMMIT = 0;
START TRANSACTION;
SET time_zone = "+00:00";


/*!40101 SET @OLD_CHARACTER_SET_CLIENT=@@CHARACTER_SET_CLIENT */;
/*!40101 SET @OLD_CHARACTER_SET_RESULTS=@@CHARACTER_SET_RESULTS */;
/*!40101 SET @OLD_COLLATION_CONNECTION=@@COLLATION_CONNECTION */;
/*!40101 SET NAMES utf8mb4 */;

--
-- Database: `mrfix`
--

-- --------------------------------------------------------

--
-- Table structure for table `appointments`
--

CREATE TABLE `appointments` (
  `id` int(11) NOT NULL,
  `user_id` int(11) UNSIGNED NOT NULL,
  `subject` varchar(255) NOT NULL,
  `date` date NOT NULL,
  `time_slot` varchar(255) NOT NULL,
  `matter` varchar(255) NOT NULL,
  `is_followed_up` int(11) NOT NULL DEFAULT '0',
  `status` int(11) NOT NULL DEFAULT '1',
  `created_on` timestamp NOT NULL DEFAULT CURRENT_TIMESTAMP
) ENGINE=InnoDB DEFAULT CHARSET=latin1;

--
-- Dumping data for table `appointments`
--

INSERT INTO `appointments` (`id`, `user_id`, `subject`, `date`, `time_slot`, `matter`, `is_followed_up`, `status`, `created_on`) VALUES
(1, 9, 'dddddddddd', '2020-06-26', '11.00 am to 11.30 am', 'sssssssssssss', 1, 1, '2020-06-21 06:45:28');

-- --------------------------------------------------------

--
-- Table structure for table `cancellation_reasons`
--

CREATE TABLE `cancellation_reasons` (
  `id` int(11) NOT NULL,
  `reason` varchar(255) NOT NULL,
  `status` int(11) NOT NULL
) ENGINE=InnoDB DEFAULT CHARSET=latin1;

--
-- Dumping data for table `cancellation_reasons`
--

INSERT INTO `cancellation_reasons` (`id`, `reason`, `status`) VALUES
(1, 'I found another solution', 1),
(3, 'You are delyed to respond', 1),
(4, 'I changed my mind', 1),
(5, 'Other', 1);

-- --------------------------------------------------------

--
-- Table structure for table `categories`
--

CREATE TABLE `categories` (
  `id` int(11) NOT NULL,
  `name` varchar(255) NOT NULL,
  `code` varchar(100) DEFAULT NULL,
  `icon` varchar(100) DEFAULT NULL,
  `status` int(11) NOT NULL DEFAULT '1',
  `created_date` timestamp NOT NULL DEFAULT CURRENT_TIMESTAMP,
  `created_by` varchar(100) NOT NULL DEFAULT 'system'
) ENGINE=InnoDB DEFAULT CHARSET=latin1;

--
-- Dumping data for table `categories`
--

INSERT INTO `categories` (`id`, `name`, `code`, `icon`, `status`, `created_date`, `created_by`) VALUES
(1, 'Masons', 'Masons', '1.svg', 1, '2020-02-19 11:35:14', 'system'),
(2, 'Tile', 'Tile', '2.svg', 1, '2020-02-19 11:35:14', 'system'),
(3, 'Carpenters', 'Carpenters', '3.svg', 1, '2020-02-19 11:35:15', 'system'),
(4, 'Plumbers', 'Plumbers', '4.svg', 1, '2020-02-19 11:35:15', 'system'),
(5, 'Electricians', 'Electricians', '5.svg', 1, '2020-02-19 11:35:15', 'system'),
(6, 'Painters', 'Painters', '6.svg', 1, '2020-02-19 11:35:15', 'system'),
(7, 'Contractors', 'Contractors', '7.svg', 1, '2020-02-19 11:35:16', 'system'),
(8, 'Concrete Slab', 'Concrete Slab', '8.svg', 1, '2020-02-19 11:35:16', 'system'),
(9, 'Landscaping', 'Landscaping', '9.svg', 1, '2020-02-19 11:35:16', 'system'),
(10, 'Ceiling', 'Ceiling', '10.svg', 1, '2020-02-19 11:35:17', 'system'),
(11, 'Stones/ Sand/ Soil', 'Stones/ Sand/ Soil', '11.svg', 1, '2020-02-19 11:35:17', 'system'),
(12, 'Aluminium', 'Aluminium', '12.svg', 1, '2020-02-19 11:35:17', 'system'),
(13, 'Welding', 'Welding', '13.svg', 1, '2020-02-19 11:35:17', 'system'),
(14, 'Gully Bowser', 'Gully Bowser', '14.svg', 1, '2020-02-19 11:35:17', 'system'),
(15, 'Equipment Repairing', 'Equipment Repairing', '15.svg', 1, '2020-02-19 11:35:17', 'system'),
(16, 'Professionals', 'Professionals', '16.svg', 1, '2020-02-19 11:35:17', 'system'),
(17, 'A/C', 'A/C', '17.svg', 1, '2020-02-19 11:35:18', 'system'),
(18, 'Well', 'Well', '18.svg', 1, '2020-02-19 11:35:18', 'system'),
(19, 'Vehicle Repairs', 'Vehicle Repairs', '19.svg', 1, '2020-02-19 11:35:18', 'system'),
(20, 'Cleaners', 'Cleaners', '20.svg', 1, '2020-02-19 11:35:18', 'system'),
(21, 'CCTV', 'CCTV', '21.svg', 1, '2020-02-19 11:35:18', 'system'),
(22, 'Cushion Works', 'Cushion Works', '22.svg', 1, '2020-02-19 11:35:18', 'system'),
(23, 'Rent Tools', 'Rent Tools', '23.svg', 1, '2020-02-19 11:35:18', 'system'),
(24, 'Chair Weavers', 'Chair Weavers', '24.svg', 1, '2020-02-19 11:35:19', 'system'),
(25, 'Solar Panel Fixing', 'Solar Panel Fixing', '25.svg', 1, '2020-02-19 11:35:19', 'system'),
(26, 'Curtains', 'Curtains', '26.svg', 1, '2020-02-19 11:35:19', 'system'),
(27, 'House Demolishers', 'House Demolishers', '27.svg', 1, '2020-02-19 11:35:19', 'system'),
(28, 'Movers', 'Movers', '28.svg', 1, '2020-02-19 11:35:19', 'system'),
(29, 'Pest Control', 'Pest Control', '29.svg', 1, '2020-02-19 11:35:19', 'system'),
(30, 'Repairs & Others', 'Repairs & Others', '30.svg', 1, '2020-02-19 11:35:19', 'system');

-- --------------------------------------------------------

--
-- Table structure for table `groups`
--

CREATE TABLE `groups` (
  `id` mediumint(8) UNSIGNED NOT NULL,
  `name` varchar(20) NOT NULL,
  `description` varchar(100) NOT NULL
) ENGINE=InnoDB DEFAULT CHARSET=utf8;

--
-- Dumping data for table `groups`
--

INSERT INTO `groups` (`id`, `name`, `description`) VALUES
(1, 'admin', 'Administrator'),
(2, 'members', 'General User'),
(3, 'service_provider', 'Service Provider');

-- --------------------------------------------------------

--
-- Table structure for table `locations`
--

CREATE TABLE `locations` (
  `id` int(11) NOT NULL,
  `name` varchar(255) NOT NULL,
  `code` varchar(100) NOT NULL,
  `main_id` int(11) DEFAULT NULL,
  `status` int(11) NOT NULL DEFAULT '1',
  `created_date` timestamp NOT NULL DEFAULT CURRENT_TIMESTAMP,
  `created_by` varchar(100) NOT NULL DEFAULT 'system'
) ENGINE=InnoDB DEFAULT CHARSET=latin1;

--
-- Dumping data for table `locations`
--

INSERT INTO `locations` (`id`, `name`, `code`, `main_id`, `status`, `created_date`, `created_by`) VALUES
(1, 'Ampara', 'ampa', NULL, 1, '2020-02-21 09:35:36', 'system'),
(2, 'Anuradhapura', 'anura', NULL, 1, '2020-02-21 09:35:36', 'system'),
(3, 'Badulla', 'badu', NULL, 1, '2020-02-21 09:35:36', 'system'),
(4, 'Batticaloa', 'batt', NULL, 1, '2020-02-21 09:35:36', 'system'),
(5, 'Colombo', 'Colo', NULL, 1, '2020-02-21 09:35:36', 'system'),
(6, 'Galle', 'Galle', NULL, 1, '2020-02-21 09:35:36', 'system'),
(7, 'Gampaha', 'Gamp', NULL, 1, '2020-02-21 09:35:37', 'system'),
(8, 'Hambantota', 'Hamb', NULL, 1, '2020-02-21 09:35:37', 'system'),
(9, 'Jaffna', 'jaff', NULL, 1, '2020-02-21 09:35:37', 'system'),
(10, 'Kalutara', 'kalu', NULL, 1, '2020-02-21 09:35:37', 'system'),
(11, 'Kandy', 'kand', NULL, 1, '2020-02-21 09:35:37', 'system'),
(12, 'Kegalle', 'kega', NULL, 1, '2020-02-21 09:35:37', 'system'),
(13, 'Kilinochchi', 'kili', NULL, 1, '2020-02-21 09:35:37', 'system'),
(14, 'Kurunegala', 'kuru', NULL, 1, '2020-02-21 09:35:37', 'system'),
(15, 'Mannar', 'mann', NULL, 1, '2020-02-21 09:35:37', 'system'),
(16, 'Matale', 'mtle', NULL, 1, '2020-02-21 09:35:37', 'system'),
(17, 'Matara', 'mata', NULL, 1, '2020-02-21 09:35:37', 'system'),
(18, 'Moneragala', 'mona', NULL, 1, '2020-02-21 09:35:37', 'system'),
(19, 'Mullaitivu', 'mull', NULL, 1, '2020-02-21 09:35:37', 'system'),
(20, 'Nuwara Eliya', 'nuwa', NULL, 1, '2020-02-21 09:35:37', 'system'),
(21, 'Polonnaruwa', 'polo', NULL, 1, '2020-02-21 09:35:37', 'system'),
(22, 'Puttalam', 'putt', NULL, 1, '2020-02-21 09:35:37', 'system'),
(23, 'Ratnapura', 'ratn', NULL, 1, '2020-02-21 09:35:37', 'system'),
(24, 'Trincomalee', 'trin', NULL, 1, '2020-02-21 09:35:37', 'system'),
(25, 'Vavuniya', 'vavu', NULL, 1, '2020-02-21 09:35:37', 'system'),
(26, 'Nugegoda', 'nuge', 5, 1, '2020-02-21 09:35:37', 'system'),
(27, 'Dehiwala', 'dehi', 5, 1, '2020-02-21 09:35:37', 'system'),
(28, 'Piliyandala', 'pili', 5, 1, '2020-02-21 09:35:38', 'system'),
(29, 'Maharagama', 'maha', 5, 1, '2020-02-21 09:35:38', 'system'),
(30, 'Angoda', 'ango', 5, 1, '2020-02-21 09:35:38', 'system'),
(31, 'Athurugiriya', 'athu', 5, 1, '2020-02-21 09:35:38', 'system'),
(32, 'Avissawella', 'avis', 5, 1, '2020-02-21 09:35:38', 'system'),
(33, 'Battaramulla', 'bath', 5, 1, '2020-02-21 09:35:38', 'system'),
(34, 'Boralesgamuwa', 'bora', 5, 1, '2020-02-21 09:35:38', 'system'),
(35, 'Colombo 1', 'col1', 5, 1, '2020-02-21 09:35:38', 'system'),
(36, 'Colombo 2', 'col2', 5, 1, '2020-02-21 09:35:38', 'system'),
(37, 'Colombo 3', 'col3', 5, 1, '2020-02-21 09:35:38', 'system'),
(38, 'Colombo 4', 'col4', 5, 1, '2020-02-21 09:35:38', 'system'),
(39, 'Colombo 5', 'col5', 5, 1, '2020-02-21 09:35:38', 'system'),
(40, 'Colombo 6', 'col6', 5, 1, '2020-02-21 09:35:38', 'system'),
(41, 'Colombo 7', 'col7', 5, 1, '2020-02-21 09:35:38', 'system'),
(42, 'Colombo 8', 'col8', 5, 1, '2020-02-21 09:35:38', 'system'),
(43, 'Colombo 9', 'col9', 5, 1, '2020-02-21 09:35:38', 'system'),
(44, 'Colombo 10', 'col10', 5, 1, '2020-02-21 09:35:38', 'system'),
(45, 'Colombo 11', 'col11', 5, 1, '2020-02-21 09:35:38', 'system'),
(46, 'Colombo 12', 'col12', 5, 1, '2020-02-21 09:35:38', 'system'),
(47, 'Colombo 13', 'col13', 5, 1, '2020-02-21 09:35:38', 'system'),
(48, 'Colombo 14', 'col14', 5, 1, '2020-02-21 09:35:38', 'system'),
(49, 'Colombo 15', 'col15', 5, 1, '2020-02-21 09:35:39', 'system'),
(50, 'Hanwella', 'han', 5, 1, '2020-02-21 09:35:39', 'system'),
(51, 'Homagama', 'homa', 5, 1, '2020-02-21 09:35:39', 'system'),
(52, 'Kaduwela', 'kadu', 5, 1, '2020-02-21 09:35:39', 'system'),
(53, 'Kesbewa', 'kesb', 5, 1, '2020-02-21 09:35:39', 'system'),
(54, 'Kohuwala', 'kohu', 5, 1, '2020-02-21 09:35:39', 'system'),
(55, 'Kolonnawa', 'kolo', 5, 1, '2020-02-21 09:35:39', 'system'),
(56, 'Kottawa', 'kotta', 5, 1, '2020-02-21 09:35:39', 'system'),
(57, 'Kotte', 'kotte', 5, 1, '2020-02-21 09:35:39', 'system'),
(58, 'Malabe', 'mala', 5, 1, '2020-02-21 09:35:39', 'system'),
(59, 'Moratuwa', 'mora', 5, 1, '2020-02-21 09:35:39', 'system'),
(60, 'Mount Lavinia', 'mtlav', 5, 1, '2020-02-21 09:35:39', 'system'),
(61, 'Nawala', 'naw', 5, 1, '2020-02-21 09:35:39', 'system'),
(62, 'Padukka', 'paduk', 5, 1, '2020-02-21 09:35:39', 'system'),
(63, 'Pannipitiya', 'panni', 5, 1, '2020-02-21 09:35:39', 'system'),
(64, 'Rajagiriya', 'raja', 5, 1, '2020-02-21 09:35:39', 'system'),
(65, 'Ratmalana', 'ratma', 5, 1, '2020-02-21 09:35:39', 'system'),
(66, 'Talawatugoda', 'talaw', 5, 1, '2020-02-21 09:35:39', 'system'),
(67, 'Wellampitiya', 'wella', 5, 1, '2020-02-21 09:35:39', 'system'),
(68, 'Kandy', 'kandy', 11, 1, '2020-02-21 09:35:39', 'system'),
(69, 'Katugastota', 'katug', 11, 1, '2020-02-21 09:35:39', 'system'),
(70, 'Gampola', 'gampa', 11, 1, '2020-02-21 09:35:39', 'system'),
(71, 'Kundasale', 'kund', 11, 1, '2020-02-21 09:35:39', 'system'),
(72, 'Peradeniya', 'pera', 11, 1, '2020-02-21 09:35:39', 'system'),
(73, 'Akurana', 'aku', 11, 1, '2020-02-21 09:35:39', 'system'),
(74, 'Ampitiya', 'ampi', 11, 1, '2020-02-21 09:35:40', 'system'),
(75, 'Digana', 'digan', 11, 1, '2020-02-21 09:35:40', 'system'),
(76, 'Galagedara', 'galag', 11, 1, '2020-02-21 09:35:40', 'system'),
(77, 'Gelioya', 'geli', 11, 1, '2020-02-21 09:35:40', 'system'),
(78, 'Kadugannawa', 'kadug', 11, 1, '2020-02-21 09:35:40', 'system'),
(79, 'Madawala Bazaar', 'madaw', 11, 1, '2020-02-21 09:35:40', 'system'),
(80, 'Nawalapitiya', 'nawa', 11, 1, '2020-02-21 09:35:40', 'system'),
(81, 'Pilimatalawa', 'pilim', 11, 1, '2020-02-21 09:35:40', 'system'),
(82, 'Wattegama', 'watt', 11, 1, '2020-02-21 09:35:40', 'system'),
(83, 'Galle', 'gall', 6, 1, '2020-02-21 09:35:40', 'system'),
(84, 'Ambalangoda', 'amba', 6, 1, '2020-02-21 09:35:40', 'system'),
(85, 'Elpitiya', 'elpi', 6, 1, '2020-02-21 09:35:40', 'system'),
(86, 'Hikkaduwa', 'hikk', 6, 1, '2020-02-21 09:35:40', 'system'),
(87, 'Baddegama', 'badd', 6, 1, '2020-02-21 09:35:40', 'system'),
(88, 'Ahangama', 'ahan', 6, 1, '2020-02-21 09:35:40', 'system'),
(89, 'Balapitiya', 'balap', 6, 1, '2020-02-21 09:35:41', 'system'),
(90, 'Benthota', 'bent', 6, 1, '2020-02-21 09:35:41', 'system'),
(91, 'Karapitiya', 'karap', 6, 1, '2020-02-21 09:35:41', 'system'),
(92, 'Ampara', 'ampar', 1, 1, '2020-02-21 09:35:41', 'system'),
(93, 'Akkarepattu', 'akkar', 1, 1, '2020-02-21 09:35:41', 'system'),
(94, 'Kalmunai', 'kalm', 1, 1, '2020-02-21 09:35:41', 'system'),
(95, 'Sainthamaruthu', 'sain', 1, 1, '2020-02-21 09:35:41', 'system'),
(96, 'Anuradhapura', 'anur', 2, 1, '2020-02-21 09:35:41', 'system'),
(97, 'Kekirawa', 'keki', 2, 1, '2020-02-21 09:35:41', 'system'),
(98, 'Tambuttegama', 'tamb', 2, 1, '2020-02-21 09:35:41', 'system'),
(99, 'Medawachchiya', 'medaw', 2, 1, '2020-02-21 09:35:41', 'system'),
(100, 'Eppawala', 'eppa', 2, 1, '2020-02-21 09:35:41', 'system'),
(101, 'Galenbindunuwewa', 'galen', 2, 1, '2020-02-21 09:35:41', 'system'),
(102, 'Galnewa', 'galn', 2, 1, '2020-02-21 09:35:41', 'system'),
(103, 'Habarana', 'haba', 2, 1, '2020-02-21 09:35:41', 'system'),
(104, 'Mihintale', 'mihi', 2, 1, '2020-02-21 09:35:41', 'system'),
(105, 'Nochchiyagama', 'noch', 2, 1, '2020-02-21 09:35:41', 'system'),
(106, 'Talawa', 'tala', 2, 1, '2020-02-21 09:35:41', 'system'),
(107, 'Badulla', 'badul', 3, 1, '2020-02-21 09:35:41', 'system'),
(108, 'Bandarawela', 'banda', 3, 1, '2020-02-21 09:35:41', 'system'),
(109, 'Welimada', 'weli', 3, 1, '2020-02-21 09:35:41', 'system'),
(110, 'Mahiyanganaya', 'mahi', 3, 1, '2020-02-21 09:35:41', 'system'),
(111, 'Hali Ela', 'hali', 3, 1, '2020-02-21 09:35:42', 'system'),
(112, 'Diyathalawa', 'diya', 3, 1, '2020-02-21 09:35:42', 'system'),
(113, 'Ella', 'ella', 3, 1, '2020-02-21 09:35:42', 'system'),
(114, 'Haputhale', 'hapu', 3, 1, '2020-02-21 09:35:42', 'system'),
(115, 'Passara', 'pass', 3, 1, '2020-02-21 09:35:42', 'system'),
(116, 'Batticaloa', 'bat', 4, 1, '2020-02-21 09:35:42', 'system'),
(117, 'Gampaha', 'gam', 7, 1, '2020-02-21 09:35:42', 'system'),
(118, 'Negombo', 'nego', 7, 1, '2020-02-21 09:35:42', 'system'),
(119, 'Kelaniya', 'kela', 7, 1, '2020-02-21 09:35:42', 'system'),
(120, 'Kadawatha', 'kadaw', 7, 1, '2020-02-21 09:35:42', 'system'),
(121, 'Ja-Ela', 'jaela', 7, 1, '2020-02-21 09:35:42', 'system'),
(122, 'Delgoda', 'delg', 7, 1, '2020-02-21 09:35:42', 'system'),
(123, 'Divulapitiya', 'divu', 7, 1, '2020-02-21 09:35:42', 'system'),
(124, 'Ganemulla', 'gane', 7, 1, '2020-02-21 09:35:42', 'system'),
(125, 'Kandana', 'kada', 7, 1, '2020-02-21 09:35:42', 'system'),
(126, 'Katunayake', 'katun', 7, 1, '2020-02-21 09:35:42', 'system'),
(127, 'Kiribathgoda', 'kirib', 7, 1, '2020-02-21 09:35:42', 'system'),
(128, 'Minuwangoda', 'minuw', 7, 1, '2020-02-21 09:35:42', 'system'),
(129, 'Mirigama', 'miri', 7, 1, '2020-02-21 09:35:42', 'system'),
(130, 'Nittambuwa', 'nitt', 7, 1, '2020-02-21 09:35:42', 'system'),
(131, 'Ragama', 'raga', 7, 1, '2020-02-21 09:35:43', 'system'),
(132, 'Veyangoda', 'veya', 7, 1, '2020-02-21 09:35:43', 'system'),
(133, 'Wattala', 'watta', 7, 1, '2020-02-21 09:35:43', 'system'),
(134, 'Tangalla', 'tang', 8, 1, '2020-02-21 09:35:43', 'system'),
(135, 'Beliatta', 'beli', 8, 1, '2020-02-21 09:35:43', 'system'),
(136, 'Tissamaharama', 'tiss', 8, 1, '2020-02-21 09:35:43', 'system'),
(137, 'Hambantota', 'hamba', 8, 1, '2020-02-21 09:35:43', 'system'),
(138, 'Ambalantota', 'amb', 8, 1, '2020-02-21 09:35:43', 'system'),
(139, 'Jaffna', 'jaffn', 9, 1, '2020-02-21 09:35:43', 'system'),
(140, 'Nallur', 'nall', 9, 1, '2020-02-21 09:35:43', 'system'),
(141, 'Chavakachcheri', 'chav', 9, 1, '2020-02-21 09:35:43', 'system'),
(142, 'Horana', 'hora', 10, 1, '2020-02-21 09:35:43', 'system'),
(143, 'Kalutara', 'kalut', 10, 1, '2020-02-21 09:35:43', 'system'),
(144, 'Panadura', 'pana', 10, 1, '2020-02-21 09:35:43', 'system'),
(145, 'Bandaragama', 'band', 10, 1, '2020-02-21 09:35:43', 'system'),
(146, 'Matugama', 'matu', 10, 1, '2020-02-21 09:35:43', 'system'),
(147, 'Aluthgama', 'alut', 10, 1, '2020-02-21 09:35:43', 'system'),
(148, 'Beruwala', 'beru', 10, 1, '2020-02-21 09:35:43', 'system'),
(149, 'Ingiriya', 'ingi', 10, 1, '2020-02-21 09:35:43', 'system'),
(150, 'Wadduwa', 'wadd', 10, 1, '2020-02-21 09:35:43', 'system'),
(151, 'Kegalle', 'kegal', 12, 1, '2020-02-21 09:35:43', 'system'),
(152, 'Mawanella', 'mawa', 12, 1, '2020-02-21 09:35:44', 'system'),
(153, 'Warakapola', 'wara', 12, 1, '2020-02-21 09:35:44', 'system'),
(154, 'Rambukkana', 'ramb', 12, 1, '2020-02-21 09:35:44', 'system'),
(155, 'Ruwanwella', 'ruwan', 12, 1, '2020-02-21 09:35:44', 'system'),
(156, 'Dehiowita', 'dehio', 12, 1, '2020-02-21 09:35:44', 'system'),
(157, 'Deraniyagala', 'dera', 12, 1, '2020-02-21 09:35:44', 'system'),
(158, 'Galigamuwa', 'galig', 12, 1, '2020-02-21 09:35:44', 'system'),
(159, 'Kithulgala', 'kitu', 12, 1, '2020-02-21 09:35:44', 'system'),
(160, 'Yatiyanthota', 'yatiy', 12, 1, '2020-02-21 09:35:44', 'system'),
(161, 'Kilinochchi', 'kilin', 13, 1, '2020-02-21 09:35:44', 'system'),
(162, 'Kurunegala', 'kurun', 14, 1, '2020-02-21 09:35:44', 'system'),
(163, 'Kuliyapitiya', 'kuli', 14, 1, '2020-02-21 09:35:44', 'system'),
(164, 'Pannala', 'pann', 14, 1, '2020-02-21 09:35:44', 'system'),
(165, 'Narammala', 'naram', 14, 1, '2020-02-21 09:35:44', 'system'),
(166, 'Wariyapola', 'wariy', 14, 1, '2020-02-21 09:35:44', 'system'),
(167, 'Alawwa', 'alaw', 14, 1, '2020-02-21 09:35:44', 'system'),
(168, 'Bingiriya', 'bing', 14, 1, '2020-02-21 09:35:44', 'system'),
(169, 'Galgamuwa', 'galg', 14, 1, '2020-02-21 09:35:44', 'system'),
(170, 'Giriulla', 'giriu', 14, 1, '2020-02-21 09:35:44', 'system'),
(171, 'Hettipola', 'hett', 14, 1, '2020-02-21 09:35:44', 'system'),
(172, 'Ibbagamuwa', 'ibba', 14, 1, '2020-02-21 09:35:44', 'system'),
(173, 'Mawathagama', 'mawat', 14, 1, '2020-02-21 09:35:44', 'system'),
(174, 'Nikaweratiya', 'nika', 14, 1, '2020-02-21 09:35:45', 'system'),
(175, 'Polgahawela', 'polg', 14, 1, '2020-02-21 09:35:45', 'system'),
(176, 'Mannar', 'manne', 15, 1, '2020-02-21 09:35:45', 'system'),
(177, 'Matale', 'matal', 16, 1, '2020-02-21 09:35:45', 'system'),
(178, 'Dambulla', 'damb', 16, 1, '2020-02-21 09:35:45', 'system'),
(179, 'Galewela', 'galew', 16, 1, '2020-02-21 09:35:45', 'system'),
(180, 'Ukuwela', 'ukuw', 16, 1, '2020-02-21 09:35:45', 'system'),
(181, 'Palapathwela', 'palap', 16, 1, '2020-02-21 09:35:45', 'system'),
(182, 'Rattota', 'ratt', 16, 1, '2020-02-21 09:35:45', 'system'),
(183, 'Sigiriya', 'sigir', 16, 1, '2020-02-21 09:35:45', 'system'),
(184, 'Yatawatta', 'yataw', 16, 1, '2020-02-21 09:35:45', 'system'),
(185, 'Matara', 'matar', 17, 1, '2020-02-21 09:35:45', 'system'),
(186, 'Weligama', 'welig', 17, 1, '2020-02-21 09:35:45', 'system'),
(187, 'Akuressa', 'akur', 17, 1, '2020-02-21 09:35:45', 'system'),
(188, 'Hakmana', 'hakm', 17, 1, '2020-02-21 09:35:45', 'system'),
(189, 'Dikwella', 'dikw', 17, 1, '2020-02-21 09:35:45', 'system'),
(190, 'Deniyaya', 'deniy', 17, 1, '2020-02-21 09:35:45', 'system'),
(191, 'Kamburugamuwa', 'kamb', 18, 1, '2020-02-21 09:35:45', 'system'),
(192, 'Kamburupitya', 'kambu', 18, 1, '2020-02-21 09:35:46', 'system'),
(193, 'Kekanadurra', 'kekan', 18, 1, '2020-02-21 09:35:46', 'system'),
(194, 'Moneragala', 'mone', 18, 1, '2020-02-21 09:35:46', 'system'),
(195, 'Wellawaya', 'well', 18, 1, '2020-02-21 09:35:46', 'system'),
(196, 'Bibile', 'bibi', 18, 1, '2020-02-21 09:35:46', 'system'),
(197, 'Buttala', 'butt', 18, 1, '2020-02-21 09:35:46', 'system'),
(198, 'Kataragama', 'katar', 18, 1, '2020-02-21 09:35:46', 'system'),
(199, 'Mullativu', 'mulla', 19, 1, '2020-02-21 09:35:46', 'system'),
(200, 'Nuwara Eliya', 'nuwel', 20, 1, '2020-02-21 09:35:46', 'system'),
(201, 'Hatton', 'hatt', 20, 1, '2020-02-21 09:35:46', 'system'),
(202, 'Ginigathena', 'gini', 20, 1, '2020-02-21 09:35:46', 'system'),
(203, 'Madulla', 'madul', 20, 1, '2020-02-21 09:35:46', 'system'),
(204, 'Polonnaruwa', 'polon', 21, 1, '2020-02-21 09:35:46', 'system'),
(205, 'Hingurakgoda', 'hing', 21, 1, '2020-02-21 09:35:47', 'system'),
(206, 'Kaduruwela', 'kaduw', 21, 1, '2020-02-21 09:35:47', 'system'),
(207, 'Medirigiriya', 'medir', 21, 1, '2020-02-21 09:35:47', 'system'),
(208, 'Chilaw', 'chil', 22, 1, '2020-02-21 09:35:47', 'system'),
(209, 'Wennappuwa', 'wenn', 22, 1, '2020-02-21 09:35:47', 'system'),
(210, 'Puttalam', 'putta', 22, 1, '2020-02-21 09:35:47', 'system'),
(211, 'Dankotuwa', 'dank', 22, 1, '2020-02-21 09:35:47', 'system'),
(212, 'Nattandiya', 'natt', 22, 1, '2020-02-21 09:35:47', 'system'),
(213, 'Marawila', 'mara', 22, 1, '2020-02-21 09:35:47', 'system'),
(214, 'Ratnapura', 'rathn', 23, 1, '2020-02-21 09:35:47', 'system'),
(215, 'Embilipitiya', 'embi', 23, 1, '2020-02-21 09:35:47', 'system'),
(216, 'Balangoda', 'balan', 23, 1, '2020-02-21 09:35:47', 'system'),
(217, 'Pelmadulla', 'pelm', 23, 1, '2020-02-21 09:35:47', 'system'),
(218, 'Eheliyagoda', 'ehel', 23, 1, '2020-02-21 09:35:47', 'system'),
(219, 'Kuruwita', 'kuruw', 23, 1, '2020-02-21 09:35:47', 'system'),
(220, 'Trincomalee', 'trinc', 24, 1, '2020-02-21 09:35:47', 'system'),
(221, 'Kinniya', 'kinn', 24, 1, '2020-02-21 09:35:47', 'system'),
(222, 'Vavuniya', 'vavun', 25, 1, '2020-02-21 09:35:47', 'system'),
(223, '', '', 0, 1, '2020-02-21 09:35:48', 'system'),
(224, '', '', 0, 1, '2020-02-21 09:35:48', 'system');

-- --------------------------------------------------------

--
-- Table structure for table `login_attempts`
--

CREATE TABLE `login_attempts` (
  `id` int(11) UNSIGNED NOT NULL,
  `ip_address` varchar(45) NOT NULL,
  `login` varchar(100) NOT NULL,
  `time` int(11) UNSIGNED DEFAULT NULL
) ENGINE=InnoDB DEFAULT CHARSET=utf8;

-- --------------------------------------------------------

--
-- Table structure for table `notifications`
--

CREATE TABLE `notifications` (
  `id` int(11) NOT NULL,
  `user_id` int(11) UNSIGNED NOT NULL,
  `description` varchar(255) NOT NULL,
  `status` int(11) NOT NULL DEFAULT '0' COMMENT '0 not read/ 1 read',
  `created_at` timestamp NOT NULL DEFAULT CURRENT_TIMESTAMP ON UPDATE CURRENT_TIMESTAMP
) ENGINE=InnoDB DEFAULT CHARSET=latin1;

--
-- Dumping data for table `notifications`
--

INSERT INTO `notifications` (`id`, `user_id`, `description`, `status`, `created_at`) VALUES
(1, 9, 'kc vbmnjhygvb nmm,v njhuyugv bnmkijkc vbmnjhygvb nmm,v njhuyugv bnmkijkc vbmnjhygvb nmm,v njhuyugv bnmkij', 1, '2020-05-15 14:37:49'),
(2, 9, 'kc vbmnjhygvb nmm,v njhuyugv bnmkijkc vbmnjhygvb nmm,v njhuyugv bnmkijkc vbmnjhygvb nmm,v njhuyugv bnmkij', 1, '2020-05-15 14:37:49'),
(3, 12, 'www www - (11111111111)  is accept your request', 1, '2020-05-16 03:27:58'),
(4, 9, '1500 LKR withdraw to your account.', 1, '2020-05-16 14:37:58'),
(5, 12, 'www www - (11111111111)  is accepted your request', 1, '2020-06-20 06:16:53'),
(6, 9, '1000 LKR withdraw to your account.', 1, '2020-06-20 18:25:26'),
(7, 12, '4500 LKR refunded to your account.', 1, '2020-06-21 06:16:24'),
(8, 12, '4500 LKR refunded to your account.', 1, '2020-06-21 06:16:24'),
(9, 12, 'www www - (11111111111) YTLqeCAn Service request cancelled Successfully', 1, '2020-06-21 06:20:33');

-- --------------------------------------------------------

--
-- Table structure for table `payments`
--

CREATE TABLE `payments` (
  `id` int(11) NOT NULL,
  `user_id` int(11) UNSIGNED NOT NULL,
  `payment_done_by` int(11) UNSIGNED DEFAULT NULL,
  `order_id` int(11) DEFAULT NULL,
  `amount` double NOT NULL,
  `reason` varchar(255) DEFAULT NULL,
  `payout` int(11) NOT NULL DEFAULT '0',
  `created_date` timestamp NOT NULL DEFAULT CURRENT_TIMESTAMP,
  `payout_date` timestamp NULL DEFAULT NULL
) ENGINE=InnoDB DEFAULT CHARSET=latin1;

--
-- Dumping data for table `payments`
--

INSERT INTO `payments` (`id`, `user_id`, `payment_done_by`, `order_id`, `amount`, `reason`, `payout`, `created_date`, `payout_date`) VALUES
(3, 9, NULL, NULL, 1000, 'SP_REG_FEE', 1, '2020-03-01 17:53:31', NULL),
(8, 13, 12, 7, 1500, 'SER_RES_FEE', 0, '2020-03-16 04:07:22', NULL),
(11, 13, 12, 10, 1500, 'SER_RES_FEE', 0, '2020-05-09 10:48:41', NULL),
(12, 9, 12, 11, 1500, 'SER_RES_FEE', 1, '2020-05-09 10:49:59', NULL),
(13, 13, 12, 12, 1500, 'SER_RES_FEE', 1, '2020-05-09 10:55:18', NULL),
(15, 13, 12, 12, -1500, 'REFUND', 0, '2020-06-20 10:03:38', NULL),
(16, 13, 12, 10, -1500, 'REFUND', 0, '2020-06-20 12:32:15', NULL),
(17, 9, 12, 7, -1500, 'REFUND', 0, '2020-06-20 13:11:19', NULL),
(18, 9, 12, 14, 1500, 'SER_FEE', 0, '2020-06-20 13:11:19', NULL),
(19, 9, 12, 14, -1500, 'REFUND', 0, '2020-06-21 06:20:27', NULL);

-- --------------------------------------------------------

--
-- Table structure for table `refunds`
--

CREATE TABLE `refunds` (
  `id` int(11) NOT NULL,
  `user_id` int(11) UNSIGNED NOT NULL,
  `sp_id` int(11) UNSIGNED NOT NULL,
  `order_id` int(11) NOT NULL,
  `amount` double NOT NULL,
  `payout` int(11) NOT NULL DEFAULT '0',
  `created_date` timestamp NOT NULL DEFAULT CURRENT_TIMESTAMP
) ENGINE=InnoDB DEFAULT CHARSET=latin1;

--
-- Dumping data for table `refunds`
--

INSERT INTO `refunds` (`id`, `user_id`, `sp_id`, `order_id`, `amount`, `payout`, `created_date`) VALUES
(1, 12, 13, 12, 1500, 1, '2020-06-20 10:03:38'),
(2, 12, 13, 10, 1500, 1, '2020-06-20 12:32:15'),
(3, 12, 9, 7, 1500, 1, '2020-06-20 13:11:19'),
(4, 12, 9, 14, 1500, 0, '2020-06-21 06:20:27');

-- --------------------------------------------------------

--
-- Table structure for table `service_providers`
--

CREATE TABLE `service_providers` (
  `id` int(11) NOT NULL,
  `service_provider_id` varchar(100) NOT NULL,
  `user_id` int(11) UNSIGNED NOT NULL,
  `category_id` int(11) NOT NULL,
  `profile_image` varchar(255) DEFAULT NULL,
  `location_id` int(11) NOT NULL,
  `city_id` int(11) NOT NULL,
  `working_area` enum('island_wide','district_area','city_area') NOT NULL COMMENT 'island wide / District area / city area',
  `description` text NOT NULL,
  `rate` double NOT NULL,
  `expariance` int(11) NOT NULL COMMENT 'by months',
  `working_days` varchar(255) NOT NULL COMMENT 'working days and time',
  `time_to_call_from` time NOT NULL,
  `time_to_call_to` time DEFAULT NULL,
  `age` int(11) DEFAULT NULL,
  `dob` date DEFAULT NULL,
  `gender` enum('male','female') NOT NULL DEFAULT 'male',
  `rating_value` double DEFAULT '0',
  `status` int(11) NOT NULL DEFAULT '1',
  `created_date` timestamp NOT NULL DEFAULT CURRENT_TIMESTAMP,
  `created_by` varchar(100) NOT NULL DEFAULT 'system'
) ENGINE=InnoDB DEFAULT CHARSET=latin1;

--
-- Dumping data for table `service_providers`
--

INSERT INTO `service_providers` (`id`, `service_provider_id`, `user_id`, `category_id`, `profile_image`, `location_id`, `city_id`, `working_area`, `description`, `rate`, `expariance`, `working_days`, `time_to_call_from`, `time_to_call_to`, `age`, `dob`, `gender`, `rating_value`, `status`, `created_date`, `created_by`) VALUES
(5, 'KPJ3TY', 13, 22, NULL, 5, 31, 'island_wide', '', 0, 0, '[\"tuesday\",\"wednesday\"]', '00:00:00', '00:00:00', 45, '2020-01-31', 'male', 4, 1, '2020-02-29 10:44:43', 'system'),
(6, 'US3QNH', 9, 13, '1584243781-3301602-copy.png', 5, 29, 'island_wide', '', 1000, 22, '[\"tuesday\",\"wednesday\"]', '22:25:00', '22:25:00', 0, '2020-06-25', 'male', 13, 1, '2020-03-01 06:24:31', 'system');

-- --------------------------------------------------------

--
-- Table structure for table `service_provider_categories`
--

CREATE TABLE `service_provider_categories` (
  `Id` int(11) NOT NULL,
  `user_id` int(11) UNSIGNED NOT NULL,
  `category_id` int(11) NOT NULL,
  `rate` double DEFAULT NULL,
  `status` int(11) NOT NULL DEFAULT '1',
  `created_date` timestamp NOT NULL DEFAULT CURRENT_TIMESTAMP
) ENGINE=InnoDB DEFAULT CHARSET=latin1;

--
-- Dumping data for table `service_provider_categories`
--

INSERT INTO `service_provider_categories` (`Id`, `user_id`, `category_id`, `rate`, `status`, `created_date`) VALUES
(4, 12, 26, 950, 1, '2020-02-24 04:34:02'),
(5, 13, 25, 950, 1, '2020-02-24 04:34:02'),
(26, 9, 17, 2000, 1, '2020-06-20 16:54:10');

-- --------------------------------------------------------

--
-- Table structure for table `service_provider_rates`
--

CREATE TABLE `service_provider_rates` (
  `id` int(11) NOT NULL,
  `value` double NOT NULL,
  `description` varchar(255) NOT NULL,
  `status` int(11) NOT NULL DEFAULT '1',
  `user_id` int(11) UNSIGNED NOT NULL,
  `created_date` timestamp NOT NULL DEFAULT CURRENT_TIMESTAMP,
  `created_by` int(11) UNSIGNED DEFAULT NULL
) ENGINE=InnoDB DEFAULT CHARSET=latin1;

--
-- Dumping data for table `service_provider_rates`
--

INSERT INTO `service_provider_rates` (`id`, `value`, `description`, `status`, `user_id`, `created_date`, `created_by`) VALUES
(2, 3, 'Lorem ipsum dolor sit amet, consectetuer adipiscing elit. Aenean commodo ligula eget dolor. Aenean massa. Cum sociis natoque penatibus et magnis dis parturient montes, nascetur ridiculus mus. Donec quam felis, ultricies nec, pellentesque eu, pretium quis,', 1, 9, '2020-03-03 14:45:03', 13),
(3, 5, 'Lorem ipsum dolor sit amet, consectetuer adipiscing elit. Aenean commodo ligula eget dolor. Aenean massa. Cum sociis natoque penatibus et magnis dis parturient montes, nascetur ridiculus mus. Donec quam felis, ultricies nec, pellentesque eu, pretium quis,', 1, 9, '2020-03-05 06:45:03', 14),
(8, 5, 'ssssssss', 1, 9, '2020-03-05 08:02:10', 12),
(9, 4, 'ssssssssssss c         ccccccccccccccccc\r\ndftgyhvghb ', 1, 13, '2020-03-05 08:44:06', 12);

-- --------------------------------------------------------

--
-- Table structure for table `service_requests`
--

CREATE TABLE `service_requests` (
  `id` int(11) NOT NULL,
  `request_no` varchar(255) DEFAULT NULL,
  `customer_id` int(11) UNSIGNED NOT NULL,
  `service_provider_id` int(11) UNSIGNED NOT NULL,
  `required_date` date NOT NULL,
  `required_time` time DEFAULT NULL,
  `category` varchar(255) DEFAULT NULL,
  `location` int(11) NOT NULL,
  `work_background` varchar(255) DEFAULT NULL,
  `additional_phone` int(11) DEFAULT NULL,
  `supervisor_id` int(11) DEFAULT NULL,
  `status` int(11) NOT NULL DEFAULT '-1' COMMENT '-1 initial,0 - pending / 1 - accepted / 2 -complated/ 3- rejected / 4- cancelation requested / 5- cancel accepted',
  `remark` varchar(255) NOT NULL,
  `cancel_reason` int(11) DEFAULT NULL,
  `created_date` timestamp NOT NULL DEFAULT CURRENT_TIMESTAMP
) ENGINE=InnoDB DEFAULT CHARSET=latin1;

--
-- Dumping data for table `service_requests`
--

INSERT INTO `service_requests` (`id`, `request_no`, `customer_id`, `service_provider_id`, `required_date`, `required_time`, `category`, `location`, `work_background`, `additional_phone`, `supervisor_id`, `status`, `remark`, `cancel_reason`, `created_date`) VALUES
(6, NULL, 12, 9, '2020-03-31', '09:00:00', '[\"Cushion Works\",\"Solar Panel Fixing\"]', 29, 'fewvhjdnklefgyvhjb nnklvj nfewvhjdnklefgyvhjb nnklvj nfewvhjdnklefgyvhjb nnklvj n', 713882815, 3, 4, 'adsa asdas das', 1, '2020-03-14 05:47:33'),
(7, NULL, 12, 9, '2020-03-31', '09:00:00', '[\"Cushion Works\",\"Solar Panel Fixing\"]', 31, 'cans', 713882815, 5, 5, '', 5, '2020-03-16 05:47:33'),
(8, NULL, 1, 13, '2020-04-29', '06:00:00', '[\"Cushion Works\"]', 165, 'sdadsa ', 713885694, NULL, 1, '', NULL, '2020-04-12 15:59:09'),
(9, NULL, 12, 13, '2020-04-22', '09:00:00', '[\"Cushion Works\"]', 29, 'sasasa', 2147483647, NULL, -1, '', NULL, '2020-04-15 14:41:59'),
(10, NULL, 12, 13, '2020-05-20', '09:00:00', '[\"Cushion Works\"]', 29, 'mmmmmm', 2147483647, 3, 5, '', NULL, '2020-05-09 10:40:00'),
(11, NULL, 12, 9, '2020-05-29', '09:00:00', '[\"Rent Tools\"]', 27, '            mmmmmmmmmmmm', 2147483647, NULL, 1, '', NULL, '2020-05-09 10:49:23'),
(12, NULL, 12, 13, '2020-05-20', '09:00:00', '[\"Cushion Works\"]', 31, 'ffffff', 2222222, NULL, 5, '', NULL, '2020-05-09 10:54:53'),
(13, NULL, 9, 9, '2020-06-25', '09:00:00', '[\"Rent Tools\"]', 28, 'sssssssss', NULL, NULL, -1, '', NULL, '2020-06-06 11:03:51'),
(14, 'YTLqeCAn', 12, 9, '2020-06-30', '07:00:00', '[\"Welding\",\"A\\/C\"]', 29, 'ssssssssss', NULL, NULL, 5, '', 4, '2020-06-21 06:16:54');

-- --------------------------------------------------------

--
-- Table structure for table `supervisors`
--

CREATE TABLE `supervisors` (
  `id` int(11) NOT NULL,
  `name` varchar(255) NOT NULL,
  `location` int(11) NOT NULL,
  `mobile` varchar(100) DEFAULT NULL,
  `status` int(11) NOT NULL DEFAULT '1',
  `created_date` timestamp NOT NULL DEFAULT CURRENT_TIMESTAMP,
  `created_by` varchar(100) NOT NULL DEFAULT 'system'
) ENGINE=InnoDB DEFAULT CHARSET=latin1;

--
-- Dumping data for table `supervisors`
--

INSERT INTO `supervisors` (`id`, `name`, `location`, `mobile`, `status`, `created_date`, `created_by`) VALUES
(3, 'salinda', 29, '458526', 1, '2020-04-07 16:07:50', 'system'),
(4, 'asasa', 31, '11111', 1, '2020-04-07 16:14:00', 'system'),
(5, 'asdfbdsav', 28, '111111111111', 1, '2020-04-07 16:14:56', 'system');

-- --------------------------------------------------------

--
-- Table structure for table `supervisor_categories`
--

CREATE TABLE `supervisor_categories` (
  `id` int(11) NOT NULL,
  `supervisor_id` int(11) NOT NULL,
  `category_id` int(11) NOT NULL,
  `status` int(11) NOT NULL DEFAULT '1',
  `created_date` timestamp NOT NULL DEFAULT CURRENT_TIMESTAMP
) ENGINE=InnoDB DEFAULT CHARSET=latin1;

--
-- Dumping data for table `supervisor_categories`
--

INSERT INTO `supervisor_categories` (`id`, `supervisor_id`, `category_id`, `status`, `created_date`) VALUES
(2, 3, 2, 1, '2020-04-07 16:07:50'),
(3, 3, 3, 1, '2020-04-07 16:07:51'),
(4, 3, 4, 1, '2020-04-07 16:07:51'),
(5, 3, 5, 1, '2020-04-07 16:07:51'),
(6, 4, 4, 1, '2020-04-07 16:14:00'),
(7, 5, 3, 1, '2020-04-07 16:14:57');

-- --------------------------------------------------------

--
-- Table structure for table `system_properties`
--

CREATE TABLE `system_properties` (
  `id` int(11) NOT NULL,
  `property_name` varchar(100) NOT NULL,
  `value` varchar(100) NOT NULL,
  `type` int(11) DEFAULT NULL,
  `status` int(11) NOT NULL DEFAULT '1',
  `created_by` varchar(100) NOT NULL DEFAULT 'system',
  `created_time` timestamp NOT NULL DEFAULT CURRENT_TIMESTAMP
) ENGINE=InnoDB DEFAULT CHARSET=latin1;

--
-- Dumping data for table `system_properties`
--

INSERT INTO `system_properties` (`id`, `property_name`, `value`, `type`, `status`, `created_by`, `created_time`) VALUES
(1, 'SP_REG_FEE', '1000', 1, 1, 'system', '2020-03-01 17:38:30'),
(2, 'SER_RES_FEE', '1500', 1, 1, 'system', '2020-03-01 17:38:30');

-- --------------------------------------------------------

--
-- Table structure for table `users`
--

CREATE TABLE `users` (
  `id` int(11) UNSIGNED NOT NULL,
  `ip_address` varchar(45) NOT NULL,
  `username` varchar(100) DEFAULT NULL,
  `password` varchar(255) NOT NULL,
  `email` varchar(254) DEFAULT NULL,
  `activation_selector` varchar(255) DEFAULT NULL,
  `activation_code` varchar(255) DEFAULT NULL,
  `forgotten_password_selector` varchar(255) DEFAULT NULL,
  `forgotten_password_code` varchar(255) DEFAULT NULL,
  `forgotten_password_time` int(11) UNSIGNED DEFAULT NULL,
  `remember_selector` varchar(255) DEFAULT NULL,
  `remember_code` varchar(255) DEFAULT NULL,
  `created_on` int(11) UNSIGNED NOT NULL,
  `last_login` int(11) UNSIGNED DEFAULT NULL,
  `active` tinyint(1) UNSIGNED DEFAULT NULL,
  `first_name` varchar(50) DEFAULT NULL,
  `last_name` varchar(50) DEFAULT NULL,
  `company` varchar(100) DEFAULT NULL,
  `phone` varchar(20) DEFAULT NULL,
  `otp` int(11) DEFAULT NULL,
  `email_verified` int(11) NOT NULL DEFAULT '1',
  `phone_verified` int(11) NOT NULL DEFAULT '0',
  `user_type` enum('member','administrator','service_provider') NOT NULL DEFAULT 'member',
  `step` int(11) NOT NULL DEFAULT '2' COMMENT ' 1 - register, 2 - fill details, 3-add rates, 4- payment, 5 finish',
  `doc_type` varchar(255) DEFAULT NULL,
  `file_name` varchar(255) DEFAULT NULL,
  `is_completed` int(11) NOT NULL DEFAULT '0',
  `admin_verify` int(1) NOT NULL DEFAULT '0' COMMENT '0- not verified / 1- verified'
) ENGINE=InnoDB DEFAULT CHARSET=utf8;

--
-- Dumping data for table `users`
--

INSERT INTO `users` (`id`, `ip_address`, `username`, `password`, `email`, `activation_selector`, `activation_code`, `forgotten_password_selector`, `forgotten_password_code`, `forgotten_password_time`, `remember_selector`, `remember_code`, `created_on`, `last_login`, `active`, `first_name`, `last_name`, `company`, `phone`, `otp`, `email_verified`, `phone_verified`, `user_type`, `step`, `doc_type`, `file_name`, `is_completed`, `admin_verify`) VALUES
(1, '127.0.0.1', '713882815', '$2y$12$XDLv0f3pk/xdxWxHeAsqg.tz.XD9p0NW4rXk59kgMRrFlmu3fVxjK', 'admin@admin.com', NULL, '', NULL, NULL, NULL, NULL, NULL, 1268889823, 1592719596, 1, 'Admin', 'istrator', 'ADMIN', '0', 814450, 0, 0, 'administrator', 1, NULL, NULL, 0, 0),
(9, '::1', '713883815', '$2y$10$KK1Xw7L4FgR20BhwL6vY8.rJwEbZA43eQOS0v8F5aWGeAd21dRR8i', 'sp@gmail.com', NULL, NULL, NULL, NULL, NULL, NULL, NULL, 1582008575, 1592731580, 1, 'www', 'www', 'www', '11111111111', NULL, 0, 0, 'service_provider', 4, 'nic', '1592672050--MG-9495.jpg', 1, 1),
(12, '', '716186231', '$2y$10$LuBwwV7DqNqIOrgV580FtuCswnmHFX0P0hTIK4Ee3CKNKNJVlENDy', 'member@gmail.com', NULL, NULL, NULL, NULL, NULL, NULL, NULL, 1582008575, 1592720181, 1, 'Salinda', 'jayawardana', 'www', '11111111111', NULL, 1, 0, 'member', 1, NULL, NULL, 0, 0),
(13, '', 'ww@ww.cc', '$2y$10$HZqvDWcSnlnGN5eBcjfCWOJ5/3uq6l4AWiIEOVb8.kxpos.dI7LD2', 'ww@wddw22.cc', '9b7b5e63e9c824e8ed38', '$2y$10$hB/2hEEnnmD.FTDKx4cYNu11H8.EBS7UL76wJ5R4Q7Map7cKx4I9e', NULL, NULL, NULL, NULL, NULL, 1582008575, NULL, 0, '2222222222222', 'www', 'www', '11111111111', NULL, 0, 0, 'member', 1, NULL, NULL, 1, 1),
(14, '', 'ww@ww.cc', '$2y$10$HZqvDWcSnlnGN5eBcjfCWOJ5/3uq6l4AWiIEOVb8.kxpos.dI7LD2', 'ww@wddw2233.cc', 'e86437921d59b9351f77', '$2y$10$0D8790cd7TDbn0GIIuyRB.2FYAen0.fNyrpR4ulpSQ5ITEBts5Xem', NULL, NULL, NULL, NULL, NULL, 1582008575, NULL, 0, '3333333333333333333', 'www', 'www', '11111111111', NULL, 0, 0, 'member', 1, NULL, NULL, 0, 0),
(15, '::1', '', '$2y$10$PuFq3X257vkEqTBSEUVJ7uD81YiGbwlS4fOW8j2B02lRIy1jvPiB.', '', '0a301a95bf010c2c7b36', '$2y$10$/JpBaFkoU3LhLmotWos0Ye9ggkh8pMfUjEASwglkg0X8IVai0lHzu', NULL, NULL, NULL, NULL, NULL, 1587800473, NULL, 0, 'sadfg', 'gcvbn', 'jh  jj jj', '88888888888888', NULL, 1, 0, 'member', 2, NULL, NULL, 0, 0),
(16, '::1', 'df@dfghj.jhgf', '$2y$10$wHK8mGCDGUrnA2/wD1hW5e2Xmy5AOvJeXk7xcCWMaxEHQOBtOPiI2', 'df@dfghj.jhgf', '862b98c0cfe7108f3914', '$2y$10$GSF40S/0/XXS1xKyZN0gkurSJy5FnBEcSN1ddf4IyhaQM0RfZO0MW', NULL, NULL, NULL, NULL, NULL, 1587800599, NULL, 0, 'sdsf', 'tfghbjn', 'dfghj', '1111111', NULL, 1, 0, 'member', 2, NULL, NULL, 0, 0),
(18, '::1', '7165428965', '$2y$10$VHGGyUutm3W56rW2H.Oo1uR5lCcJLBdkICHj9RQ8dxVou1L0CGxiG', '', NULL, NULL, NULL, NULL, NULL, NULL, NULL, 1589114616, NULL, 1, 'sssss', 'ssssssss', NULL, '7165428965', NULL, 1, 0, 'member', 2, NULL, NULL, 0, 0),
(19, '::1', '713882814', '$2y$10$1NMFMZtulfBXcTnUtGy7fOl54DnXXECp.MNgrbZngg/T/wanT90.G', '', '668cfb2ea031e1285262', '$2y$10$W8IMQVaLkLf2bup6rUBt9OlwITXt2UyIPH9V3PcV0STxPOKAHCG5G', NULL, NULL, NULL, NULL, NULL, 1589121856, NULL, 0, 'ssss', 'wwwwww', NULL, '713882814', 746784, 1, 0, 'member', 2, NULL, NULL, 0, 0),
(20, '::1', '716186394', '$2y$10$F5tgMQjxyLBzuHTTAP5VVeNiJecz4ZGcPDHFlRO72SDNOUUhGaJG.', '', NULL, NULL, NULL, NULL, NULL, NULL, NULL, 1589123083, NULL, 1, 'salinda', 'jayawardana', NULL, '716186394', 472486, 1, 0, 'member', 2, NULL, NULL, 0, 0),
(21, '::1', '714854856', '$2y$10$lw6htvqW/nvFIQLGLf4k7.6bUCkuyOzWh1lGxFjAwzZy5S9zsl6te', '', NULL, NULL, NULL, NULL, NULL, NULL, NULL, 1589123260, NULL, 1, 'sasa', 'sdasdas', NULL, '714854856', 875481, 1, 0, 'member', 2, NULL, NULL, 0, 0),
(22, '::1', '716186233', '$2y$10$Z0oZLpvaamlykl8tcJAVnO6tguGkd95wNE.qTRRM9k.bN72UtC1p.', '', NULL, NULL, NULL, NULL, NULL, NULL, NULL, 1589123431, 1589128803, 1, 'salinda', 'jaya', NULL, '716186233', 869769, 1, 1, 'member', 2, NULL, NULL, 0, 0),
(23, '::1', '718527895', '$2y$10$W9o4Pdzk7psOlpxy8uV2Me6OIz2W8CpCc6bOC7zdgCCWNcW6xdWeq', '', NULL, NULL, NULL, NULL, NULL, NULL, NULL, 1589125844, 1589125926, 1, 'dhanu', 'salin', NULL, '718527895', 122928, 1, 1, 'member', 2, NULL, NULL, 0, 0),
(24, '::1', '713882415', '$2y$10$Wea7Y/v9rDXTO5qUfHCWse0hegIUFnIxhouriN55DJEsZykRx8tFm', '', NULL, NULL, NULL, NULL, NULL, NULL, NULL, 1589286878, 1589286923, 1, 'salinda', 'jayawardana', NULL, '713882415', 130176, 1, 1, '', 2, NULL, NULL, 0, 0),
(25, '::1', '713881415', '$2y$10$NxxMjwXJ3iRpz.VReZWod.rbgFWEcFgsRsLy60V9tOnwVUAzyclzK', '', NULL, NULL, NULL, NULL, NULL, NULL, NULL, 1589287032, 1589287055, 1, 'salinda', 'jaywar', NULL, '713881415', 918966, 1, 1, 'service_provider', 2, NULL, NULL, 0, 0),
(26, '::1', '711231231', '$2y$10$Lc9eCfmbgptI8jr7qp.8qeStLNhni7CGVDDCVeBeG8zAcaUgHausS', '', NULL, NULL, NULL, NULL, NULL, NULL, NULL, 1591436455, NULL, 1, 'salinda', 'jjjj', NULL, '711231231', 919787, 1, 1, 'member', 2, NULL, NULL, 0, 0);

-- --------------------------------------------------------

--
-- Table structure for table `users_groups`
--

CREATE TABLE `users_groups` (
  `id` int(11) UNSIGNED NOT NULL,
  `user_id` int(11) UNSIGNED NOT NULL,
  `group_id` mediumint(8) UNSIGNED NOT NULL
) ENGINE=InnoDB DEFAULT CHARSET=utf8;

--
-- Dumping data for table `users_groups`
--

INSERT INTO `users_groups` (`id`, `user_id`, `group_id`) VALUES
(1, 1, 1),
(14, 1, 3),
(12, 9, 2),
(11, 9, 3),
(15, 12, 2),
(16, 15, 2),
(17, 16, 2),
(18, 18, 2),
(19, 19, 2),
(20, 20, 2),
(21, 21, 2),
(22, 22, 2),
(23, 23, 2),
(24, 24, 2),
(25, 25, 3),
(26, 26, 2);

-- --------------------------------------------------------

--
-- Table structure for table `withdrawals`
--

CREATE TABLE `withdrawals` (
  `id` int(11) NOT NULL,
  `user_id` int(11) UNSIGNED NOT NULL,
  `amount` double NOT NULL,
  `create_date` timestamp NOT NULL DEFAULT CURRENT_TIMESTAMP,
  `created_by` varchar(100) NOT NULL DEFAULT 'SYSTEM'
) ENGINE=InnoDB DEFAULT CHARSET=latin1;

--
-- Dumping data for table `withdrawals`
--

INSERT INTO `withdrawals` (`id`, `user_id`, `amount`, `create_date`, `created_by`) VALUES
(2, 9, 1500, '2020-05-16 07:30:57', '1'),
(3, 9, 1000, '2020-06-20 09:14:26', '1'),
(5, 12, 4500, '2020-06-20 18:24:04', '1');

--
-- Indexes for dumped tables
--

--
-- Indexes for table `appointments`
--
ALTER TABLE `appointments`
  ADD PRIMARY KEY (`id`),
  ADD KEY `user_id` (`user_id`);

--
-- Indexes for table `cancellation_reasons`
--
ALTER TABLE `cancellation_reasons`
  ADD PRIMARY KEY (`id`);

--
-- Indexes for table `categories`
--
ALTER TABLE `categories`
  ADD PRIMARY KEY (`id`);

--
-- Indexes for table `groups`
--
ALTER TABLE `groups`
  ADD PRIMARY KEY (`id`);

--
-- Indexes for table `locations`
--
ALTER TABLE `locations`
  ADD PRIMARY KEY (`id`),
  ADD KEY `main_id` (`main_id`);

--
-- Indexes for table `login_attempts`
--
ALTER TABLE `login_attempts`
  ADD PRIMARY KEY (`id`);

--
-- Indexes for table `notifications`
--
ALTER TABLE `notifications`
  ADD PRIMARY KEY (`id`) USING BTREE,
  ADD KEY `user_id` (`user_id`);

--
-- Indexes for table `payments`
--
ALTER TABLE `payments`
  ADD PRIMARY KEY (`id`),
  ADD KEY `user_id` (`user_id`),
  ADD KEY `payment_done_by` (`payment_done_by`),
  ADD KEY `order_id` (`order_id`);

--
-- Indexes for table `refunds`
--
ALTER TABLE `refunds`
  ADD PRIMARY KEY (`id`),
  ADD KEY `user_id` (`user_id`),
  ADD KEY `sp_id` (`sp_id`),
  ADD KEY `order_id` (`order_id`);

--
-- Indexes for table `service_providers`
--
ALTER TABLE `service_providers`
  ADD PRIMARY KEY (`id`),
  ADD KEY `service_provider_id` (`service_provider_id`),
  ADD KEY `category_id` (`category_id`),
  ADD KEY `location_id` (`location_id`),
  ADD KEY `city_id` (`city_id`),
  ADD KEY `user_id` (`user_id`);

--
-- Indexes for table `service_provider_categories`
--
ALTER TABLE `service_provider_categories`
  ADD PRIMARY KEY (`Id`),
  ADD KEY `category_id` (`category_id`),
  ADD KEY `user_id_2` (`user_id`);

--
-- Indexes for table `service_provider_rates`
--
ALTER TABLE `service_provider_rates`
  ADD PRIMARY KEY (`id`),
  ADD KEY `user_id` (`user_id`),
  ADD KEY `created_by` (`created_by`);

--
-- Indexes for table `service_requests`
--
ALTER TABLE `service_requests`
  ADD PRIMARY KEY (`id`),
  ADD KEY `customer_id` (`customer_id`),
  ADD KEY `service_provider_id` (`service_provider_id`),
  ADD KEY `location` (`location`),
  ADD KEY `supervisor_id` (`supervisor_id`),
  ADD KEY `cancel_reason` (`cancel_reason`);

--
-- Indexes for table `supervisors`
--
ALTER TABLE `supervisors`
  ADD PRIMARY KEY (`id`),
  ADD KEY `location` (`location`);

--
-- Indexes for table `supervisor_categories`
--
ALTER TABLE `supervisor_categories`
  ADD PRIMARY KEY (`id`),
  ADD KEY `supervisor_id` (`supervisor_id`),
  ADD KEY `category_id` (`category_id`);

--
-- Indexes for table `system_properties`
--
ALTER TABLE `system_properties`
  ADD PRIMARY KEY (`id`);

--
-- Indexes for table `users`
--
ALTER TABLE `users`
  ADD PRIMARY KEY (`id`),
  ADD UNIQUE KEY `uc_activation_selector` (`activation_selector`),
  ADD UNIQUE KEY `uc_forgotten_password_selector` (`forgotten_password_selector`),
  ADD UNIQUE KEY `uc_remember_selector` (`remember_selector`);

--
-- Indexes for table `users_groups`
--
ALTER TABLE `users_groups`
  ADD PRIMARY KEY (`id`),
  ADD UNIQUE KEY `uc_users_groups` (`user_id`,`group_id`),
  ADD KEY `fk_users_groups_users1_idx` (`user_id`),
  ADD KEY `fk_users_groups_groups1_idx` (`group_id`);

--
-- Indexes for table `withdrawals`
--
ALTER TABLE `withdrawals`
  ADD PRIMARY KEY (`id`),
  ADD KEY `user_id` (`user_id`);

--
-- AUTO_INCREMENT for dumped tables
--

--
-- AUTO_INCREMENT for table `appointments`
--
ALTER TABLE `appointments`
  MODIFY `id` int(11) NOT NULL AUTO_INCREMENT, AUTO_INCREMENT=2;

--
-- AUTO_INCREMENT for table `cancellation_reasons`
--
ALTER TABLE `cancellation_reasons`
  MODIFY `id` int(11) NOT NULL AUTO_INCREMENT, AUTO_INCREMENT=6;

--
-- AUTO_INCREMENT for table `categories`
--
ALTER TABLE `categories`
  MODIFY `id` int(11) NOT NULL AUTO_INCREMENT, AUTO_INCREMENT=31;

--
-- AUTO_INCREMENT for table `groups`
--
ALTER TABLE `groups`
  MODIFY `id` mediumint(8) UNSIGNED NOT NULL AUTO_INCREMENT, AUTO_INCREMENT=4;

--
-- AUTO_INCREMENT for table `locations`
--
ALTER TABLE `locations`
  MODIFY `id` int(11) NOT NULL AUTO_INCREMENT, AUTO_INCREMENT=225;

--
-- AUTO_INCREMENT for table `login_attempts`
--
ALTER TABLE `login_attempts`
  MODIFY `id` int(11) UNSIGNED NOT NULL AUTO_INCREMENT, AUTO_INCREMENT=2;

--
-- AUTO_INCREMENT for table `notifications`
--
ALTER TABLE `notifications`
  MODIFY `id` int(11) NOT NULL AUTO_INCREMENT, AUTO_INCREMENT=10;

--
-- AUTO_INCREMENT for table `payments`
--
ALTER TABLE `payments`
  MODIFY `id` int(11) NOT NULL AUTO_INCREMENT, AUTO_INCREMENT=20;

--
-- AUTO_INCREMENT for table `refunds`
--
ALTER TABLE `refunds`
  MODIFY `id` int(11) NOT NULL AUTO_INCREMENT, AUTO_INCREMENT=5;

--
-- AUTO_INCREMENT for table `service_providers`
--
ALTER TABLE `service_providers`
  MODIFY `id` int(11) NOT NULL AUTO_INCREMENT, AUTO_INCREMENT=7;

--
-- AUTO_INCREMENT for table `service_provider_categories`
--
ALTER TABLE `service_provider_categories`
  MODIFY `Id` int(11) NOT NULL AUTO_INCREMENT, AUTO_INCREMENT=27;

--
-- AUTO_INCREMENT for table `service_provider_rates`
--
ALTER TABLE `service_provider_rates`
  MODIFY `id` int(11) NOT NULL AUTO_INCREMENT, AUTO_INCREMENT=10;

--
-- AUTO_INCREMENT for table `service_requests`
--
ALTER TABLE `service_requests`
  MODIFY `id` int(11) NOT NULL AUTO_INCREMENT, AUTO_INCREMENT=15;

--
-- AUTO_INCREMENT for table `supervisors`
--
ALTER TABLE `supervisors`
  MODIFY `id` int(11) NOT NULL AUTO_INCREMENT, AUTO_INCREMENT=6;

--
-- AUTO_INCREMENT for table `supervisor_categories`
--
ALTER TABLE `supervisor_categories`
  MODIFY `id` int(11) NOT NULL AUTO_INCREMENT, AUTO_INCREMENT=8;

--
-- AUTO_INCREMENT for table `system_properties`
--
ALTER TABLE `system_properties`
  MODIFY `id` int(11) NOT NULL AUTO_INCREMENT, AUTO_INCREMENT=3;

--
-- AUTO_INCREMENT for table `users`
--
ALTER TABLE `users`
  MODIFY `id` int(11) UNSIGNED NOT NULL AUTO_INCREMENT, AUTO_INCREMENT=27;

--
-- AUTO_INCREMENT for table `users_groups`
--
ALTER TABLE `users_groups`
  MODIFY `id` int(11) UNSIGNED NOT NULL AUTO_INCREMENT, AUTO_INCREMENT=27;

--
-- AUTO_INCREMENT for table `withdrawals`
--
ALTER TABLE `withdrawals`
  MODIFY `id` int(11) NOT NULL AUTO_INCREMENT, AUTO_INCREMENT=6;

--
-- Constraints for dumped tables
--

--
-- Constraints for table `appointments`
--
ALTER TABLE `appointments`
  ADD CONSTRAINT `appointments_ibfk_1` FOREIGN KEY (`user_id`) REFERENCES `users` (`id`);

--
-- Constraints for table `notifications`
--
ALTER TABLE `notifications`
  ADD CONSTRAINT `notifications_ibfk_1` FOREIGN KEY (`user_id`) REFERENCES `users` (`id`);

--
-- Constraints for table `payments`
--
ALTER TABLE `payments`
  ADD CONSTRAINT `payments_ibfk_1` FOREIGN KEY (`user_id`) REFERENCES `users` (`id`),
  ADD CONSTRAINT `payments_ibfk_2` FOREIGN KEY (`payment_done_by`) REFERENCES `users` (`id`),
  ADD CONSTRAINT `payments_ibfk_3` FOREIGN KEY (`order_id`) REFERENCES `service_requests` (`id`);

--
-- Constraints for table `refunds`
--
ALTER TABLE `refunds`
  ADD CONSTRAINT `refunds_ibfk_1` FOREIGN KEY (`user_id`) REFERENCES `users` (`id`),
  ADD CONSTRAINT `refunds_ibfk_2` FOREIGN KEY (`sp_id`) REFERENCES `users` (`id`),
  ADD CONSTRAINT `refunds_ibfk_3` FOREIGN KEY (`order_id`) REFERENCES `service_requests` (`id`);

--
-- Constraints for table `service_providers`
--
ALTER TABLE `service_providers`
  ADD CONSTRAINT `service_providers_ibfk_1` FOREIGN KEY (`category_id`) REFERENCES `categories` (`id`),
  ADD CONSTRAINT `service_providers_ibfk_2` FOREIGN KEY (`user_id`) REFERENCES `users` (`id`),
  ADD CONSTRAINT `service_providers_ibfk_3` FOREIGN KEY (`location_id`) REFERENCES `locations` (`id`),
  ADD CONSTRAINT `service_providers_ibfk_4` FOREIGN KEY (`city_id`) REFERENCES `locations` (`id`);

--
-- Constraints for table `service_provider_categories`
--
ALTER TABLE `service_provider_categories`
  ADD CONSTRAINT `service_provider_categories_ibfk_1` FOREIGN KEY (`category_id`) REFERENCES `categories` (`id`),
  ADD CONSTRAINT `service_provider_categories_ibfk_2` FOREIGN KEY (`user_id`) REFERENCES `users` (`id`);

--
-- Constraints for table `service_provider_rates`
--
ALTER TABLE `service_provider_rates`
  ADD CONSTRAINT `service_provider_rates_ibfk_1` FOREIGN KEY (`user_id`) REFERENCES `users` (`id`),
  ADD CONSTRAINT `service_provider_rates_ibfk_2` FOREIGN KEY (`created_by`) REFERENCES `users` (`id`);

--
-- Constraints for table `service_requests`
--
ALTER TABLE `service_requests`
  ADD CONSTRAINT `service_requests_ibfk_1` FOREIGN KEY (`customer_id`) REFERENCES `users` (`id`),
  ADD CONSTRAINT `service_requests_ibfk_2` FOREIGN KEY (`service_provider_id`) REFERENCES `users` (`id`),
  ADD CONSTRAINT `service_requests_ibfk_3` FOREIGN KEY (`supervisor_id`) REFERENCES `supervisors` (`id`),
  ADD CONSTRAINT `service_requests_ibfk_4` FOREIGN KEY (`location`) REFERENCES `locations` (`id`),
  ADD CONSTRAINT `service_requests_ibfk_5` FOREIGN KEY (`cancel_reason`) REFERENCES `cancellation_reasons` (`id`);

--
-- Constraints for table `supervisors`
--
ALTER TABLE `supervisors`
  ADD CONSTRAINT `supervisors_ibfk_1` FOREIGN KEY (`location`) REFERENCES `locations` (`id`);

--
-- Constraints for table `supervisor_categories`
--
ALTER TABLE `supervisor_categories`
  ADD CONSTRAINT `supervisor_categories_ibfk_1` FOREIGN KEY (`supervisor_id`) REFERENCES `supervisors` (`id`),
  ADD CONSTRAINT `supervisor_categories_ibfk_2` FOREIGN KEY (`category_id`) REFERENCES `categories` (`id`);

--
-- Constraints for table `users_groups`
--
ALTER TABLE `users_groups`
  ADD CONSTRAINT `fk_users_groups_groups1` FOREIGN KEY (`group_id`) REFERENCES `groups` (`id`) ON DELETE CASCADE ON UPDATE NO ACTION,
  ADD CONSTRAINT `fk_users_groups_users1` FOREIGN KEY (`user_id`) REFERENCES `users` (`id`) ON DELETE CASCADE ON UPDATE NO ACTION;

--
-- Constraints for table `withdrawals`
--
ALTER TABLE `withdrawals`
  ADD CONSTRAINT `withdrawals_ibfk_1` FOREIGN KEY (`user_id`) REFERENCES `users` (`id`);
COMMIT;

/*!40101 SET CHARACTER_SET_CLIENT=@OLD_CHARACTER_SET_CLIENT */;
/*!40101 SET CHARACTER_SET_RESULTS=@OLD_CHARACTER_SET_RESULTS */;
/*!40101 SET COLLATION_CONNECTION=@OLD_COLLATION_CONNECTION */;
